"Year","Month","Copper_Open","Copper_High","Copper_Low","Copper_Price"
2024,"(1.0, 0.0)",0.5247,0.529,0.7232,0.5522
2024,"(0.866, 0.5)",0.5069,0.4989,0.69,0.5235
2024,"(0.5, 0.866)",0.4742,0.4951,0.6768,0.5049
2023,"(-0.0, 1.0)",0.504,0.4763,0.6671,0.4725
2023,"(-0.5, 0.866)",0.548,0.5271,0.6947,0.5058
2023,"(-0.866, 0.5)",0.6214,0.5886,0.7476,0.5448
2023,"(-1.0, -0.0)",0.5658,0.612,0.7644,0.6202
2023,"(-0.866, -0.5)",0.5505,0.5367,0.7282,0.565
2023,"(-0.5, -0.866)",0.4646,0.5153,0.6794,0.5509
2023,"(0.0, -1.0)",0.4427,0.4637,0.6615,0.4647
2023,"(0.5, -0.866)",0.5082,0.4728,0.6424,0.4451
2023,"(0.866, -0.5)",0.54,0.5266,0.7056,0.5121
2023,"(1.0, 0.0)",0.5137,0.5074,0.645,0.5035
2023,"(0.866, 0.5)",0.5311,0.5049,0.6952,0.5142
2023,"(0.5, 0.866)",0.5423,0.5202,0.6965,0.5378
2022,"(-0.0, 1.0)",0.5422,0.5251,0.682,0.5406
2022,"(-0.5, 0.866)",0.5853,0.6025,0.7036,0.5413
2022,"(-0.866, 0.5)",0.5457,0.6017,0.7484,0.5874
2022,"(-1.0, -0.0)",0.6057,0.5776,0.7199,0.533
2022,"(-0.866, -0.5)",0.6796,0.6389,0.7784,0.6107
2022,"(-0.5, -0.866)",0.7376,0.734,0.8083,0.6807
2022,"(0.0, -1.0)",0.8097,0.8248,0.876,0.7358
2022,"(0.5, -0.866)",0.7222,0.7973,0.8554,0.8045
2022,"(0.866, -0.5)",0.7009,0.7218,0.8229,0.7275
2022,"(1.0, 0.0)",0.6614,0.8755,0.8266,0.6935
2022,"(0.866, 0.5)",0.6005,0.653,0.7835,0.6583
2022,"(0.5, 0.866)",0.5048,0.5661,0.7077,0.5999
2021,"(-0.0, 1.0)",0.4381,0.4814,0.6345,0.5
2021,"(-0.5, 0.866)",0.5637,0.5373,0.6469,0.4303
2021,"(-0.866, 0.5)",0.5004,0.5406,0.7074,0.5645
2021,"(-1.0, -0.0)",0.45,0.4757,0.6635,0.4986
2021,"(-0.866, -0.5)",0.4911,0.4555,0.6303,0.4482
2021,"(-0.5, -0.866)",0.488,0.478,0.6517,0.4903
2021,"(0.0, -1.0)",0.4356,0.4592,0.6591,0.4866
2021,"(0.5, -0.866)",0.4123,0.4077,0.6292,0.4314
2021,"(0.866, -0.5)",0.3804,0.3925,0.6049,0.4102
2021,"(1.0, 0.0)",0.3993,0.4111,0.6025,0.3761
2021,"(0.866, 0.5)",0.3228,0.3802,0.5679,0.3942
2021,"(0.5, 0.866)",0.2952,0.3068,0.5404,0.3224
2020,"(-0.0, 1.0)",0.2698,0.2723,0.5202,0.294
2020,"(-0.5, 0.866)",0.1942,0.2498,0.4567,0.2695
2020,"(-0.866, 0.5)",0.23,0.216,0.4646,0.1958
2020,"(-1.0, -0.0)",0.2525,0.2288,0.4721,0.23
2020,"(-0.866, -0.5)",0.2337,0.2314,0.4934,0.2484
2020,"(-0.5, -0.866)",0.2295,0.2212,0.487,0.2304
2020,"(0.0, -1.0)",0.194,0.2154,0.4606,0.2226
2020,"(0.5, -0.866)",0.0698,0.1719,0.3605,0.1935
2020,"(0.866, -0.5)",0.0779,0.1226,0,0.065
2020,"(1.0, 0.0)",0.2592,0.2677,0.368,0.0776
2020,"(0.866, 0.5)",0.3153,0.311,0.5198,0.265
2020,"(0.5, 0.866)",0.3966,0.3938,0.5638,0.3175
2019,"(-0.0, 1.0)",0.3495,0.3693,0.5908,0.3908
2019,"(-0.5, 0.866)",0.3394,0.3425,0.5829,0.3453
2019,"(-0.866, 0.5)",0.3404,0.329,0.5639,0.3377
2019,"(-1.0, -0.0)",0.3459,0.377,0.5753,0.3369
2019,"(-0.866, -0.5)",0.3678,0.3369,0.561,0.3448
2019,"(-0.5, -0.866)",0.3787,0.3589,0.5869,0.3717
2019,"(0.0, -1.0)",0.3338,0.3514,0.5615,0.3708
2019,"(0.5, -0.866)",0.4104,0.3811,0.5766,0.3325
2019,"(0.866, -0.5)",0.3862,0.4009,0.6203,0.4128
2019,"(1.0, 0.0)",0.363,0.3573,0.5857,0.3837
2019,"(0.866, 0.5)",0.3383,0.3356,0.5654,0.3612
2019,"(0.5, 0.866)",0.2753,0.3175,0.5229,0.3347
2018,"(-0.0, 1.0)",0.3263,0.3114,0.5106,0.27
2018,"(-0.5, 0.866)",0.4218,0.3919,0.5541,0.3126
2018,"(-0.866, 0.5)",0.4864,0.4774,0.6492,0.4236
2018,"(-1.0, -0.0)",0.4603,0.4538,0.6619,0.4849
2018,"(-0.866, -0.5)",0.4491,0.4299,0.6469,0.4582
2018,"(-0.5, -0.866)",0.4889,0.4653,0.6629,0.4502
2018,"(0.0, -1.0)",0.4386,0.4593,0.6417,0.4918
2018,"(0.5, -0.866)",0.45,0.4472,0.6553,0.437
2018,"(0.866, -0.5)",0.422,0.4229,0.6307,0.4488
2018,"(1.0, 0.0)",0.3962,0.4005,0.6192,0.4207
2018,"(0.866, 0.5)",0.4209,0.3987,0.6076,0.3953
2018,"(0.5, 0.866)",0.3859,0.4013,0.6201,0.4191
2017,"(-0.0, 1.0)",0.3645,0.3557,0.5937,0.3859
2017,"(-0.5, 0.866)",0.3432,0.3448,0.5818,0.3626
2017,"(-0.866, 0.5)",0.3201,0.3136,0.5522,0.3392
2017,"(-1.0, -0.0)",0.2851,0.2988,0.5365,0.3183
2017,"(-0.866, -0.5)",0.3091,0.2808,0.5305,0.2841
2017,"(-0.5, -0.866)",0.279,0.2807,0.5186,0.3068
2017,"(0.0, -1.0)",0.297,0.2714,0.5087,0.2749
2017,"(0.5, -0.866)",0.3012,0.2925,0.5192,0.2925
2017,"(0.866, -0.5)",0.3128,0.3055,0.5467,0.3003
2017,"(1.0, 0.0)",0.3379,0.3106,0.5393,0.3101
2017,"(0.866, 0.5)",0.3287,0.3143,0.5653,0.3364
2017,"(0.5, 0.866)",0.3398,0.3165,0.5622,0.3271
2016,"(-0.0, 1.0)",0.3004,0.3111,0.5515,0.3342
2016,"(-0.5, 0.866)",0.2827,0.2769,0.5096,0.3011
2016,"(-0.866, 0.5)",0.2925,0.2919,0.537,0.2812
2016,"(-1.0, -0.0)",0.268,0.2651,0.5118,0.2919
2016,"(-0.866, -0.5)",0.2411,0.2683,0.491,0.2645
2016,"(-0.5, -0.866)",0.2951,0.2728,0.4995,0.2406
2016,"(0.0, -1.0)",0.2985,0.29,0.532,0.2926
2016,"(0.5, -0.866)",0.2761,0.2792,0.5147,0.2985
2016,"(0.866, -0.5)",0.2165,0.2537,0.4666,0.274
2016,"(1.0, 0.0)",0.1839,0.2175,0.4551,0.2155
2016,"(0.866, 0.5)",0.1834,0.1639,0.4099,0.18
2016,"(0.5, 0.866)",0.2123,0.1914,0.4107,0.179
2015,"(-0.0, 1.0)",0.244,0.2199,0.4588,0.2054
2015,"(-0.5, 0.866)",0.2801,0.2654,0.4898,0.241
2015,"(-0.866, 0.5)",0.2721,0.2844,0.5119,0.2791
2015,"(-1.0, -0.0)",0.2929,0.2692,0.5158,0.2676
2015,"(-0.866, -0.5)",0.2834,0.2726,0.4821,0.2993
2015,"(-0.5, -0.866)",0.3765,0.3443,0.5373,0.2832
2015,"(0.0, -1.0)",0.3865,0.3654,0.6,0.3785
2015,"(0.5, -0.866)",0.3827,0.371,0.598,0.3849
2015,"(0.866, -0.5)",0.2887,0.3508,0.5396,0.3798
2015,"(1.0, 0.0)",0.3033,0.296,0.5086,0.2869
2015,"(0.866, 0.5)",0.289,0.3091,0.5372,0.3036
2015,"(0.5, 0.866)",0.3364,0.3156,0.5181,0.2919
2014,"(-0.0, 1.0)",0.4304,0.4227,0.5728,0.3307
2014,"(-0.5, 0.866)",0.5424,0.5077,0.6547,0.4301
2014,"(-0.866, 0.5)",0.6251,0.5967,0.7396,0.5411
2014,"(-1.0, -0.0)",0.6593,0.6186,0.8074,0.6231
2014,"(-0.866, -0.5)",0.6738,0.6391,0.8202,0.6601
2014,"(-0.5, -0.866)",0.7332,0.6942,0.8517,0.6772
2014,"(0.0, -1.0)",0.7139,0.7063,0.8764,0.7328
2014,"(0.5, -0.866)",0.6893,0.6824,0.8588,0.7122
2014,"(0.866, -0.5)",0.7032,0.686,0.8595,0.6893
2014,"(1.0, 0.0)",0.7145,0.6877,0.8503,0.7035
2014,"(0.866, 0.5)",0.6715,0.6772,0.8435,0.7113
2014,"(0.5, 0.866)",0.68,0.6413,0.8124,0.6719
2013,"(-0.0, 1.0)",0.6355,0.6545,0.8206,0.6791
2013,"(-0.5, 0.866)",0.6632,0.6241,0.8157,0.6351
2013,"(-0.866, 0.5)",0.7092,0.6815,0.8415,0.6634
2013,"(-1.0, -0.0)",0.7458,0.7284,0.873,0.7093
2013,"(-0.866, -0.5)",0.7319,0.7398,0.8803,0.7503
2013,"(-0.5, -0.866)",0.6652,0.7182,0.8423,0.7301
2013,"(0.0, -1.0)",0.628,0.6416,0.8126,0.6648
2013,"(0.5, -0.866)",0.6383,0.6279,0.8055,0.6293
2013,"(0.866, -0.5)",0.6712,0.6326,0.7777,0.6408
2013,"(1.0, 0.0)",0.6282,0.6293,0.8007,0.6699
2013,"(0.866, 0.5)",0.6717,0.6352,0.8145,0.63
2013,"(0.5, 0.866)",0.6283,0.6359,0.8142,0.6719
2012,"(-0.0, 1.0)",0.6059,0.5895,0.7752,0.6282
2012,"(-0.5, 0.866)",0.5847,0.5732,0.768,0.6057
2012,"(-0.866, 0.5)",0.6312,0.6019,0.7718,0.5851
2012,"(-1.0, -0.0)",0.6637,0.6521,0.7983,0.631
2012,"(-0.866, -0.5)",0.5996,0.6362,0.7858,0.6641
2012,"(-0.5, -0.866)",0.5736,0.5965,0.756,0.5992
2012,"(0.0, -1.0)",0.5873,0.5526,0.7262,0.5752
2012,"(0.5, -0.866)",0.729,0.6967,0.7792,0.5874
2012,"(0.866, -0.5)",0.7166,0.6897,0.8707,0.7289
2012,"(1.0, 0.0)",0.7438,0.7273,0.8797,0.7146
2012,"(0.866, 0.5)",0.679,0.7228,0.8384,0.7459
2012,"(0.5, 0.866)",0.6892,0.6767,0.8505,0.6796
2011,"(-0.0, 1.0)",0.6954,0.6671,0.8204,0.6823
2011,"(-0.5, 0.866)",0.6345,0.674,0.7997,0.6941
2011,"(-0.866, 0.5)",0.5296,0.6092,0.7119,0.6388
2011,"(-1.0, -0.0)",0.6049,0.5785,0.7252,0.5308
2011,"(-0.866, -0.5)",0.6623,0.6385,0.7165,0.605
2011,"(-0.5, -0.866)",0.654,0.6535,0.8261,0.6581
2011,"(0.0, -1.0)",0.712,0.6735,0.8024,0.656
2011,"(0.5, -0.866)",0.7981,0.7591,0.8334,0.7121
2011,"(0.866, -0.5)",0.7423,0.7543,0.8993,0.7988
2011,"(1.0, 0.0)",0.6682,0.7006,0.8432,0.7432
2011,"(0.866, 0.5)",0.6316,0.6743,0.7668,0.6679
2011,"(0.5, 0.866)",0.6247,0.5958,0.7746,0.631
2010,"(-0.0, 1.0)",0.566,0.59,0.7655,0.6248
2010,"(-0.5, 0.866)",0.549,0.5645,0.7434,0.5687
2010,"(-0.866, 0.5)",0.5367,0.5333,0.7384,0.548
2010,"(-1.0, -0.0)",0.4742,0.5017,0.6916,0.5367
2010,"(-0.866, -0.5)",0.5298,0.5225,0.686,0.4746
2010,"(-0.5, -0.866)",0.5023,0.4981,0.688,0.5289
2010,"(0.0, -1.0)",0.4916,0.4958,0.6783,0.5032
2010,"(0.5, -0.866)",0.5855,0.5535,0.6457,0.4904
2010,"(0.866, -0.5)",0.5637,0.5531,0.7463,0.5844
2010,"(1.0, 0.0)",0.5367,0.529,0.7311,0.566
2010,"(0.866, 0.5)",0.4829,0.5042,0.6782,0.5343
2010,"(0.5, 0.866)",0.5351,0.5297,0.6963,0.4821
2009,"(-0.0, 1.0)",0.5175,0.5004,0.6726,0.532
2009,"(-0.5, 0.866)",0.515,0.5083,0.696,0.516
2009,"(-0.866, 0.5)",0.4642,0.5153,0.6692,0.5138
2009,"(-1.0, -0.0)",0.46,0.4496,0.6507,0.4645
2009,"(-0.866, -0.5)",0.4557,0.4633,0.6518,0.4595
2009,"(-0.5, -0.866)",0.4646,0.4399,0.6092,0.4555
2009,"(0.0, -1.0)",0.4341,0.4512,0.6501,0.4589
2009,"(0.5, -0.866)",0.3148,0.4012,0.5604,0.4313
2009,"(0.866, -0.5)",0.2995,0.3066,0.5197,0.3141
2009,"(1.0, 0.0)",0.2641,0.3122,0.4926,0.3028
2009,"(0.866, 0.5)",0.2442,0.2427,0.4562,0.265
2009,"(0.5, 0.866)",0.2593,0.2811,0.4509,0.2412
2008,"(-0.0, 1.0)",0.343,0.3119,0.4491,0.2638
2008,"(-0.5, 0.866)",0.4409,0.4393,0.547,0.3396
2008,"(-0.866, 0.5)",0.7058,0.67,0.6276,0.4429
2008,"(-1.0, -0.0)",0.8193,0.8717,0.8079,0.6962
2008,"(-0.866, -0.5)",0.8762,0.8613,0.9366,0.8106
2008,"(-0.5, -0.866)",1,1,0.9927,0.8771
2008,"(0.0, -1.0)",0.9036,0.9733,1,1
2008,"(0.5, -0.866)",0.8036,0.9095,0.9302,0.9024
2008,"(0.866, -0.5)",0.7035,0.797,0.8638,0.7952
2008,"(1.0, 0.0)",0.704,0.7366,0.8582,0.7035
2008,"(0.866, 0.5)",0.6251,0.6716,0.7816,0.7055
2008,"(0.5, 0.866)",0.6611,0.6496,0.7808,0.6276
2007,"(-0.0, 1.0)",0.6054,0.6335,0.779,0.6603
2007,"(-0.5, 0.866)",0.6542,0.6437,0.7952,0.6042
2007,"(-0.866, 0.5)",0.5513,0.6139,0.7328,0.6491
2007,"(-1.0, -0.0)",0.4911,0.5294,0.7028,0.5498
2007,"(-0.866, -0.5)",0.5221,0.4913,0.6728,0.491
2007,"(-0.5, -0.866)",0.4651,0.4876,0.6786,0.5232
2007,"(0.0, -1.0)",0.4168,0.434,0.643,0.465
2007,"(0.5, -0.866)",0.4278,0.3993,0.6237,0.4136
2007,"(0.866, -0.5)",0.4306,0.4016,0.6278,0.4267
2007,"(1.0, 0.0)",0.3983,0.412,0.5954,0.4279
2007,"(0.866, 0.5)",0.3681,0.3686,0.5987,0.3964
2007,"(0.5, 0.866)",0.3916,0.3591,0.5572,0.3683
2006,"(-0.0, 1.0)",0.4062,0.3827,0.6189,0.3907
2006,"(-0.5, 0.866)",0.3736,0.3799,0.5878,0.4068
2006,"(-0.866, 0.5)",0.4058,0.3765,0.5982,0.3728
2006,"(-1.0, -0.0)",0.4633,0.431,0.6166,0.4051
2006,"(-0.866, -0.5)",0.4949,0.4815,0.6729,0.4618
2006,"(-0.5, -0.866)",0.4914,0.4885,0.6915,0.4937
2006,"(0.0, -1.0)",0.4708,0.457,0.6695,0.4901
2006,"(0.5, -0.866)",0.4742,0.4632,0.6653,0.4697
2006,"(0.866, -0.5)",0.4323,0.4659,0.6541,0.4743
2006,"(1.0, 0.0)",0.3965,0.4061,0.6149,0.4338
2006,"(0.866, 0.5)",0.4442,0.4187,0.6044,0.3935
2006,"(0.5, 0.866)",0.3923,0.4202,0.6245,0.4437
2005,"(-0.0, 1.0)",0.3644,0.366,0.6004,0.3906
2005,"(-0.5, 0.866)",0.3825,0.3678,0.5911,0.3619
2005,"(-0.866, 0.5)",0.4319,0.401,0.6143,0.3808
2005,"(-1.0, -0.0)",0.4515,0.4236,0.6353,0.4308
2005,"(-0.866, -0.5)",0.3882,0.4325,0.6227,0.4516
2005,"(-0.5, -0.866)",0.3579,0.3675,0.5954,0.387
2005,"(0.0, -1.0)",0.3225,0.3589,0.5697,0.3556
2005,"(0.5, -0.866)",0.302,0.3006,0.5343,0.3207
2005,"(0.866, -0.5)",0.3478,0.3391,0.5547,0.3033
2005,"(1.0, 0.0)",0.3211,0.3341,0.5618,0.3471
2005,"(0.866, 0.5)",0.2938,0.2945,0.5244,0.319
2005,"(0.5, 0.866)",0.2545,0.2758,0.5037,0.2916
2004,"(-0.0, 1.0)",0.3004,0.2711,0.4976,0.2549
2004,"(-0.5, 0.866)",0.3215,0.2962,0.5284,0.2987
2004,"(-0.866, 0.5)",0.3048,0.3197,0.5528,0.319
2004,"(-1.0, -0.0)",0.2469,0.2811,0.509,0.3027
2004,"(-0.866, -0.5)",0.2591,0.2732,0.504,0.2446
2004,"(-0.5, -0.866)",0.2081,0.2319,0.4756,0.2576
2004,"(0.0, -1.0)",0.2338,0.2215,0.4684,0.2055
2004,"(0.5, -0.866)",0.2107,0.2171,0.479,0.2273
2004,"(0.866, -0.5)",0.1986,0.1907,0.4546,0.2081
2004,"(1.0, 0.0)",0.2013,0.1922,0.4636,0.1956
2004,"(0.866, 0.5)",0.1785,0.1753,0.4478,0.1986
2004,"(0.5, 0.866)",0.1724,0.1764,0.4483,0.1746
2003,"(-0.0, 1.0)",0.156,0.1583,0.4322,0.1706
2003,"(-0.5, 0.866)",0.1473,0.1554,0.4248,0.1543
2003,"(-0.866, 0.5)",0.1474,0.1484,0.4235,0.1442
2003,"(-1.0, -0.0)",0.1638,0.1395,0.4136,0.1449
2003,"(-0.866, -0.5)",0.1584,0.1502,0.4349,0.1632
2003,"(-0.5, -0.866)",0.1549,0.1447,0.4291,0.1553
2003,"(0.0, -1.0)",0.15,0.1476,0.4252,0.1526
2003,"(0.5, -0.866)",0.1229,0.1265,0.406,0.1477
2003,"(0.866, -0.5)",0.1629,0.1389,0.4036,0.1187
2003,"(1.0, 0.0)",0.2035,0.19,0.4114,0.1591
2003,"(0.866, 0.5)",0.1795,0.2033,0.45,0.202
2003,"(0.5, 0.866)",0.1662,0.1677,0.4327,0.1782
2002,"(-0.0, 1.0)",0.1302,0.1562,0.4131,0.1604
2002,"(-0.5, 0.866)",0.1325,0.111,0.4023,0.1271
2002,"(-0.866, 0.5)",0.1574,0.1378,0.4128,0.1296
2002,"(-1.0, -0.0)",0.1463,0.1394,0.4196,0.1546
2002,"(-0.866, -0.5)",0.1309,0.1315,0.4096,0.1432
2002,"(-0.5, -0.866)",0.1301,0.115,0.4079,0.1281
2002,"(0.0, -1.0)",0.1176,0.1072,0.396,0.1269
2002,"(0.5, -0.866)",0.1328,0.1257,0.3997,0.1149
2002,"(0.866, -0.5)",0.1268,0.1168,0.3929,0.1302
2002,"(1.0, 0.0)",0.091,0.1022,0.3825,0.1226
2002,"(0.866, 0.5)",0.0731,0.0685,0.3669,0.0874
2002,"(0.5, 0.866)",0.0764,0.0697,0.3592,0.0699
2001,"(-0.0, 1.0)",0.0726,0.0659,0.3589,0.0727
2001,"(-0.5, 0.866)",0.0868,0.0743,0.3521,0.0696
2001,"(-0.866, 0.5)",0.104,0.0844,0.3774,0.083
2001,"(-1.0, -0.0)",0.1322,0.1289,0.3744,0.1004
2001,"(-0.866, -0.5)",0.1259,0.1173,0.4113,0.1295
2001,"(-0.5, -0.866)",0.1256,0.1164,0.4005,0.1229
2001,"(0.0, -1.0)",0.1423,0.1263,0.404,0.1222
2001,"(0.5, -0.866)",0.1419,0.1306,0.416,0.1385
2001,"(0.866, -0.5)",0.1259,0.1219,0.4064,0.1392
2001,"(1.0, 0.0)",0.1341,0.1228,0.4077,0.1225
2001,"(0.866, 0.5)",0.144,0.143,0.418,0.131
2001,"(0.5, 0.866)",0.1302,0.1491,0.4136,0.1408
2000,"(-0.0, 1.0)",0.1828,0.1599,0.407,0.1264
2000,"(-0.5, 0.866)",0.1746,0.1724,0.4472,0.1806
2000,"(-0.866, 0.5)",0.1614,0.1811,0.4354,0.1719
2000,"(-1.0, -0.0)",0.177,0.187,0.4355,0.1576
2000,"(-0.866, -0.5)",0.1337,0.1566,0.4173,0.1752
2000,"(-0.5, -0.866)",0.1628,0.1465,0.4179,0.1313
2000,"(0.0, -1.0)",0.1463,0.1543,0.4273,0.1704
2000,"(0.5, -0.866)",0.1198,0.1352,0.4066,0.1435
2000,"(0.866, -0.5)",0.1298,0.1105,0.3954,0.1182
2000,"(1.0, 0.0)",0.1577,0.1615,0.4099,0.1272
2000,"(0.866, 0.5)",0.1355,0.1352,0.4183,0.1544
2000,"(0.5, 0.866)",0.1171,0.1287,0.3973,0.1329
1999,"(-0.0, 1.0)",0.1127,0.1069,0.3978,0.1171
1999,"(-0.5, 0.866)",0.0925,0.1079,0.3834,0.1094
1999,"(-0.866, 0.5)",0.1113,0.0908,0.3759,0.0874
1999,"(-1.0, -0.0)",0.0934,0.0928,0.3813,0.1087
1999,"(-0.866, -0.5)",0.0802,0.0717,0.3731,0.0902
1999,"(-0.5, -0.866)",0.0722,0.0631,0.3673,0.078
1999,"(0.0, -1.0)",0.0526,0.0501,0.3491,0.0685
1999,"(0.5, -0.866)",0.0657,0.0478,0.3517,0.0495
1999,"(0.866, -0.5)",0.0517,0.0461,0.3454,0.0636
1999,"(1.0, 0.0)",0.0184,0.0329,0.3242,0.0489
1999,"(0.866, 0.5)",0.0218,0.0021,0.3185,0.0143
1999,"(0.5, 0.866)",0.0169,0.0084,0.3214,0.018
1998,"(-0.0, 1.0)",0.0102,0,0.3129,0.0126
1998,"(-0.5, 0.866)",0.0367,0.0163,0.3158,0.0062
1998,"(-0.866, 0.5)",0.0476,0.0278,0.3297,0.0309
1998,"(-1.0, -0.0)",0.0255,0.0266,0.3301,0.0441
1998,"(-0.866, -0.5)",0.0329,0.0121,0.3266,0.0225
1998,"(-0.5, -0.866)",0.0334,0.0177,0.3308,0.0292
1998,"(0.0, -1.0)",0.0403,0.0219,0.3194,0.029
1998,"(0.5, -0.866)",0.0427,0.0273,0.3262,0.0369
1998,"(0.866, -0.5)",0.0434,0.0266,0.3413,0.0384
1998,"(1.0, 0.0)",0.0426,0.0362,0.328,0.0401
1998,"(0.866, 0.5)",0.0554,0.034,0.3429,0.0387
1998,"(0.5, 0.866)",0.0594,0.0404,0.346,0.0524
1997,"(-0.0, 1.0)",0.07,0.0479,0.3571,0.0557
1997,"(-0.5, 0.866)",0.0872,0.0663,0.3661,0.0674
1997,"(-0.866, 0.5)",0.0861,0.0782,0.3734,0.0823
1997,"(-1.0, -0.0)",0.0741,0.0658,0.3678,0.083
1997,"(-0.866, -0.5)",0.0783,0.0618,0.3672,0.0709
1997,"(-0.5, -0.866)",0.0758,0.0585,0.3656,0.075
1997,"(0.0, -1.0)",0.0821,0.0635,0.3623,0.0724
1997,"(0.5, -0.866)",0.0778,0.0726,0.369,0.0807
1997,"(0.866, -0.5)",0.0803,0.0596,0.3661,0.0756
1997,"(1.0, 0.0)",0.0794,0.0745,0.3716,0.0771
1997,"(0.866, 0.5)",0.1086,0.0877,0.3741,0.0762
1997,"(0.5, 0.866)",0.1223,0.1049,0.3949,0.106
1996,"(-0.0, 1.0)",0.1071,0.1053,0.392,0.1196
1996,"(-0.5, 0.866)",0.1017,0.0916,0.3878,0.1029
1996,"(-0.866, 0.5)",0.1087,0.1001,0.3917,0.0998
1996,"(-1.0, -0.0)",0.1033,0.0945,0.3901,0.1077
1996,"(-0.866, -0.5)",0.0802,0.0797,0.3741,0.0913
1996,"(-0.5, -0.866)",0.0845,0.0737,0.3724,0.0772
1996,"(0.0, -1.0)",0.0753,0.0711,0.3692,0.081
1996,"(0.5, -0.866)",0.0841,0.0763,0.3702,0.0721
1996,"(0.866, -0.5)",0.0878,0.0971,0.3797,0.0832
1996,"(1.0, 0.0)",0.0737,0.0964,0.365,0.0853
1996,"(0.866, 0.5)",0.0597,0.0771,0.3566,0.0704
1996,"(0.5, 0.866)",0.0735,0.0587,0.3545,0.0565
1995,"(-0.0, 1.0)",0.0632,0.0535,0.3613,0.0705
1995,"(-0.5, 0.866)",0.0591,0.0463,0.3569,0.0599
1995,"(-0.866, 0.5)",0.0582,0.0381,0.3528,0.0557
1995,"(-1.0, -0.0)",0.061,0.048,0.3547,0.0549
1995,"(-0.866, -0.5)",0.0584,0.0449,0.3559,0.0573
1995,"(-0.5, -0.866)",0.055,0.0379,0.3515,0.0551
1995,"(0.0, -1.0)",0.0685,0.0498,0.3552,0.0539
1995,"(0.5, -0.866)",0.0809,0.0608,0.3629,0.0654
1995,"(0.866, -0.5)",0.0704,0.0609,0.3657,0.0769
1995,"(1.0, 0.0)",0.0658,0.05,0.359,0.0675
1995,"(0.866, 0.5)",0.0647,0.0472,0.361,0.0623
1995,"(0.5, 0.866)",0.0591,0.0463,0.3556,0.0615
1994,"(-0.0, 1.0)",0.0624,0.0408,0.3504,0.0566
1994,"(-0.5, 0.866)",0.0632,0.0488,0.3555,0.0589
1994,"(-0.866, 0.5)",0.0648,0.0452,0.3527,0.06
1994,"(-1.0, -0.0)",0.0582,0.0431,0.3511,0.0615
1994,"(-0.866, -0.5)",0.0791,0.0621,0.3524,0.0551
1994,"(-0.5, -0.866)",0.072,0.0603,0.3666,0.0762
1994,"(0.0, -1.0)",0.0643,0.0619,0.3576,0.0691
1994,"(0.5, -0.866)",0.0527,0.0474,0.3524,0.0609
1994,"(0.866, -0.5)",0.0369,0.0346,0.3395,0.05
1994,"(1.0, 0.0)",0.0348,0.0214,0.3348,0.0337
1994,"(0.866, 0.5)",0.0403,0.0276,0.3347,0.0313
1994,"(0.5, 0.866)",0.0319,0.0229,0.3361,0.0368
1993,"(-0.0, 1.0)",0.0425,0.0217,0.3339,0.0289
1993,"(-0.5, 0.866)",0.0534,0.0378,0.3422,0.0387
1993,"(-0.866, 0.5)",0.0673,0.0481,0.3531,0.0502
1993,"(-1.0, -0.0)",0.0622,0.047,0.35,0.0646
1993,"(-0.866, -0.5)",0.0584,0.0478,0.3552,0.0607
1993,"(-0.5, -0.866)",0.0683,0.0463,0.3524,0.0576
1993,"(0.0, -1.0)",0.0769,0.0568,0.3614,0.0651
1993,"(0.5, -0.866)",0.081,0.0597,0.366,0.0741
1993,"(0.866, -0.5)",0.0806,0.0604,0.3711,0.078
1993,"(1.0, 0.0)",0.0805,0.0633,0.3691,0.0773
1993,"(0.866, 0.5)",0.0802,0.0604,0.3675,0.0786
1993,"(0.5, 0.866)",0.0728,0.0604,0.3611,0.0759
1992,"(-0.0, 1.0)",0.0756,0.0554,0.3642,0.0701
1992,"(-0.5, 0.866)",0.0827,0.0613,0.3716,0.0731
1992,"(-0.866, 0.5)",0.0907,0.0731,0.3752,0.0787
1992,"(-1.0, -0.0)",0.0879,0.0726,0.3811,0.0871
1992,"(-0.866, -0.5)",0.0908,0.0684,0.3778,0.0854
1992,"(-0.5, -0.866)",0.0908,0.0709,0.3794,0.0884
1992,"(0.0, -1.0)",0.0936,0.0767,0.3821,0.0863
1992,"(0.5, -0.866)",0.0841,0.0712,0.3728,0.0902
1992,"(0.866, -0.5)",0.0746,0.0616,0.3699,0.0805
1992,"(1.0, 0.0)",0.0661,0.051,0.3618,0.0696
1992,"(0.866, 0.5)",0.0691,0.0554,0.3605,0.0637
1992,"(0.5, 0.866)",0.0703,0.0532,0.3584,0.0654
1991,"(-0.0, 1.0)",0.0875,0.0655,0.362,0.0671
1991,"(-0.5, 0.866)",0.1042,0.0847,0.3786,0.0854
1991,"(-0.866, 0.5)",0.0935,0.0859,0.3852,0.0999
1991,"(-1.0, -0.0)",0.0935,0.073,0.3802,0.0911
1991,"(-0.866, -0.5)",0.0896,0.0778,0.3791,0.0914
1991,"(-0.5, -0.866)",0.0808,0.0715,0.3753,0.0869
1991,"(0.0, -1.0)",0.0862,0.0642,0.37,0.0783
1991,"(0.5, -0.866)",0.0838,0.0705,0.3763,0.0827
1991,"(0.866, -0.5)",0.0737,0.0693,0.3674,0.0813
1991,"(1.0, 0.0)",0.0699,0.0613,0.3636,0.0711
1991,"(0.866, 0.5)",0.0915,0.0775,0.3568,0.0674
1991,"(0.5, 0.866)",0.1391,0.1495,0.3602,0.0858
