"Date","Price","Open","High","Low","Vol.","Change %"
"02/01/2024","3.7665","3.8040","3.8958","3.7641","","-0.56%"
"01/01/2024","3.7879","3.7063","3.8282","3.6821","","2.27%"
"12/01/2023","3.7040","3.7390","3.8033","3.6710","","-0.50%"
"11/01/2023","3.7226","3.8389","3.8666","3.7083","","-2.65%"
"10/01/2023","3.8241","3.7845","3.8873","3.7785","","1.14%"
"09/01/2023","3.7811","3.6902","3.8181","3.6800","","2.87%"
"08/01/2023","3.6755","3.6025","3.7422","3.5993","","2.46%"
"07/01/2023","3.5873","3.6193","3.6581","3.5443","","-0.63%"
"06/01/2023","3.6102","3.6701","3.7056","3.6115","","-1.26%"
"05/01/2023","3.6561","3.7076","3.7301","3.6422","","-1.30%"
"04/01/2023","3.7044","3.7611","3.7984","3.7019","","-1.51%"
"03/01/2023","3.7613","3.8003","3.8190","3.7430","","-0.43%"
"02/01/2023","3.7774","3.8518","3.8805","3.7837","","-1.31%"
"01/01/2023","3.8276","3.8060","3.9181","3.7675","","0.65%"
"12/01/2022","3.8030","3.8560","3.9002","3.7865","","-0.38%"
"11/01/2022","3.8175","3.9800","3.9919","3.8040","","-3.52%"
"10/01/2022","3.9569","3.9864","4.0114","3.9413","","-0.45%"
"09/01/2022","3.9747","3.8468","3.9934","3.8396","","3.72%"
"08/01/2022","3.8323","3.9236","3.9417","3.8098","","-2.14%"
"07/01/2022","3.9161","3.8250","3.9889","3.8195","","2.67%"
"06/01/2022","3.8144","3.7150","3.8415","3.6913","","2.81%"
"05/01/2022","3.7100","3.8361","3.8465","3.6445","","-3.26%"
"04/01/2022","3.8350","3.6789","3.8545","3.6175","","4.33%"
"03/01/2022","3.6760","3.7865","3.7981","3.6780","","-2.57%"
"02/01/2022","3.7730","3.8384","3.8928","3.7013","","-1.67%"
"01/01/2022","3.8370","3.9905","4.0029","3.8066","","-3.72%"
"12/01/2021","3.9852","4.0642","4.0953","3.9526","","-1.69%"
"11/01/2021","4.0538","3.9871","4.0784","3.9792","","1.69%"
"10/01/2021","3.9865","4.1362","4.1437","3.9135","","-3.26%"
"09/01/2021","4.1208","4.0920","4.1448","4.0691","","1.08%"
"08/01/2021","4.0766","4.0690","4.1234","4.0418","","0.45%"
"07/01/2021","4.0584","3.8500","4.0724","3.8419","","5.70%"
"06/01/2021","3.8397","3.8344","3.9887","3.7750","","0.33%"
"05/01/2021","3.8271","3.7833","3.8809","3.6432","","1.34%"
"04/01/2021","3.7764","3.7401","3.8477","3.5912","","0.90%"
"03/01/2021","3.7427","3.6458","3.7823","3.6426","","2.60%"
"02/01/2021","3.6477","3.6285","3.6611","3.6260","","0.32%"
"01/01/2021","3.6360","3.6153","3.6667","3.5986","","0.47%"
"12/01/2020","3.6190","3.6070","3.6302","3.5792","","0.37%"
"11/01/2020","3.6058","3.6079","3.6695","3.5635","","-0.21%"
"10/01/2020","3.6135","3.6041","3.6287","3.5565","","0.33%"
"09/01/2020","3.6017","3.5431","3.6065","3.5175","","1.69%"
"08/01/2020","3.5418","3.5305","3.5977","3.5273","","0.29%"
"07/01/2020","3.5317","3.5416","3.5540","3.4818","","-0.25%"
"06/01/2020","3.5407","3.4310","3.5508","3.3786","","3.26%"
"05/01/2020","3.4290","3.3850","3.4599","3.3782","","1.69%"
"04/01/2020","3.3720","3.4392","3.4787","3.3378","","-1.71%"
"03/01/2020","3.4307","3.4445","3.5806","3.3835","","-0.64%"
"02/01/2020","3.4529","3.3847","3.4599","3.3509","","2.04%"
"01/01/2020","3.3840","3.3140","3.3861","3.2959","","2.20%"
"12/01/2019","3.3110","3.3995","3.4065","3.3036","","-2.64%"
"11/01/2019","3.4009","3.3486","3.4100","3.3296","","1.70%"
"10/01/2019","3.3440","3.3820","3.3995","3.3266","","-0.74%"
"09/01/2019","3.3690","3.4015","3.4062","3.3091","","-0.62%"
"08/01/2019","3.3900","3.3035","3.4046","3.3035","","2.67%"
"07/01/2019","3.3020","3.2880","3.3080","3.2740","","0.53%"
"06/01/2019","3.2845","3.3803","3.3826","3.2842","","-2.76%"
"05/01/2019","3.3776","3.3080","3.3825","3.2961","","2.31%"
"04/01/2019","3.3012","3.3185","3.3366","3.2822","","-0.42%"
"03/01/2019","3.3150","3.3055","3.3238","3.2840","","0.49%"
"02/01/2019","3.2987","3.3355","3.3445","3.2947","","-0.97%"
"01/01/2019","3.3309","3.3705","3.3755","3.3098","","-1.10%"
"12/01/2018","3.3680","3.3825","3.3880","3.3359","","-0.31%"
"11/01/2018","3.3786","3.3707","3.3910","3.3508","","0.35%"
"10/01/2018","3.3668","3.3040","3.3726","3.2983","","2.04%"
"09/01/2018","3.2995","3.3055","3.3391","3.2865","","-0.03%"
"08/01/2018","3.3005","3.2717","3.3291","3.2601","","1.02%"
"07/01/2018","3.2671","3.2810","3.2945","3.2629","","-0.40%"
"06/01/2018","3.2802","3.2715","3.2888","3.2529","","0.28%"
"05/01/2018","3.2710","3.2525","3.2958","3.2495","","0.70%"
"04/01/2018","3.2482","3.2300","3.2579","3.2125","","0.69%"
"03/01/2018","3.2260","3.2663","3.2827","3.2104","","-1.19%"
"02/01/2018","3.2648","3.2160","3.2830","3.2081","","1.58%"
"01/01/2018","3.2140","3.2390","3.2398","3.1987","","-0.71%"
"12/01/2017","3.2370","3.2327","3.3015","3.2299","","0.23%"
"11/01/2017","3.2295","3.2500","3.2666","3.2293","","-0.60%"
"10/01/2017","3.2490","3.2655","3.2771","3.2288","","-0.36%"
"09/01/2017","3.2609","3.2395","3.2827","3.2279","","0.83%"
"08/01/2017","3.2342","3.2375","3.2565","3.2325","","-0.18%"
"07/01/2017","3.2400","3.2505","3.2652","3.2355","","-0.21%"
"06/01/2017","3.2467","3.2690","3.2835","3.2410","","-0.68%"
"05/01/2017","3.2690","3.2438","3.3000","3.2400","","0.78%"
"04/01/2017","3.2436","3.2485","3.2645","3.2335","","-0.04%"
"03/01/2017","3.2448","3.2648","3.3096","3.2331","","-0.56%"
"02/01/2017","3.2630","3.2720","3.3050","3.2327","","-0.13%"
"01/01/2017","3.2672","3.3560","3.3994","3.2693","","-2.62%"
"12/01/2016","3.3550","3.4151","3.4270","3.3446","","-1.60%"
"11/01/2016","3.4096","3.3610","3.4415","3.3503","","1.51%"
"10/01/2016","3.3590","3.3830","3.4221","3.3420","","-0.67%"
"09/01/2016","3.3815","3.3920","3.4185","3.3312","","-0.27%"
"08/01/2016","3.3905","3.3520","3.4035","3.2935","","1.30%"
"07/01/2016","3.3471","3.3007","3.3777","3.2700","","1.95%"
"06/01/2016","3.2831","3.3767","3.3925","3.2693","","-2.63%"
"05/01/2016","3.3719","3.2715","3.3783","3.2674","","2.93%"
"04/01/2016","3.2759","3.3129","3.4167","3.2342","","-1.03%"
"03/01/2016","3.3100","3.5232","3.5319","3.3015","","-5.93%"
"02/01/2016","3.5185","3.4861","3.5515","3.4674","","1.44%"
"01/01/2016","3.4684","3.4152","3.4787","3.3998","","1.81%"
"12/01/2015","3.4068","3.3732","3.4181","3.3572","","1.35%"
"11/01/2015","3.3613","3.2800","3.3903","3.2764","","2.79%"
"10/01/2015","3.2701","3.2330","3.2957","3.2045","","1.48%"
"09/01/2015","3.2223","3.2400","3.2620","3.1795","","-0.42%"
"08/01/2015","3.2360","3.1910","3.3131","3.1795","","1.88%"
"07/01/2015","3.1762","3.1795","3.2015","3.1628","","0.30%"
"06/01/2015","3.1666","3.1580","3.1960","3.1326","","0.74%"
"05/01/2015","3.1434","3.1308","3.1747","3.1103","","0.72%"
"04/01/2015","3.1210","3.0935","3.1515","3.0803","","1.23%"
"03/01/2015","3.0832","3.0935","3.1123","3.0553","","-0.32%"
"02/01/2015","3.0930","3.0625","3.1040","3.0515","","1.05%"
"01/01/2015","3.0610","2.9765","3.0640","2.9644","","2.75%"
"12/01/2014","2.9790","2.9240","2.9970","2.9230","","1.95%"
"11/01/2014","2.9220","2.9210","2.9523","2.9060","","0.00%"
"10/01/2014","2.9220","2.8900","2.9280","2.8830","","1.25%"
"09/01/2014","2.8860","2.8480","2.9265","2.8425","","1.48%"
"08/01/2014","2.8440","2.8010","2.8550","2.7830","","1.59%"
"07/01/2014","2.7995","2.7990","2.8055","2.7620","","0.09%"
"06/01/2014","2.7970","2.7645","2.8170","2.7640","","1.23%"
"05/01/2014","2.7630","2.8075","2.8180","2.7530","","-1.57%"
"04/01/2014","2.8070","2.8113","2.8435","2.7590","","-0.06%"
"03/01/2014","2.8088","2.7980","2.8180","2.7930","","0.48%"
"02/01/2014","2.7955","2.8240","2.8277","2.7965","","-0.80%"
"01/01/2014","2.8180","2.7967","2.8380","2.7927","","0.90%"
"12/01/2013","2.7930","2.7990","2.8063","2.7552","","-0.25%"
"11/01/2013","2.8000","2.7730","2.8122","2.7720","","0.96%"
"10/01/2013","2.7735","2.7855","2.7940","2.7500","","-0.32%"
"09/01/2013","2.7825","2.8090","2.8125","2.7325","","-0.86%"
"08/01/2013","2.8065","2.7960","2.8263","2.7845","","0.45%"
"07/01/2013","2.7940","2.7820","2.8010","2.7503","","0.52%"
"06/01/2013","2.7795","2.7435","2.7970","2.6975","","1.40%"
"05/01/2013","2.7410","2.6435","2.7435","2.5980","","3.79%"
"04/01/2013","2.6410","2.5910","2.6570","2.5735","","2.03%"
"03/01/2013","2.5885","2.5810","2.6105","2.5807","","0.39%"
"02/01/2013","2.5785","2.5845","2.5928","2.5640","","-0.14%"
"01/01/2013","2.5820","2.5525","2.5925","2.5352","","1.25%"
"12/01/2012","2.5500","2.5790","2.5935","2.5443","","-1.03%"
"11/01/2012","2.5765","2.5915","2.6210","2.5758","","-0.48%"
"10/01/2012","2.5890","2.5975","2.6125","2.5756","","-0.23%"
"09/01/2012","2.5950","2.6115","2.6361","2.5919","","-0.54%"
"08/01/2012","2.6090","2.6260","2.6375","2.6082","","-0.55%"
"07/01/2012","2.6235","2.6655","2.6658","2.6170","","-1.48%"
"06/01/2012","2.6630","2.7075","2.7106","2.6360","","-1.55%"
"05/01/2012","2.7050","2.6405","2.7115","2.6340","","2.54%"
"04/01/2012","2.6380","2.6605","2.6685","2.6365","","-1.03%"
"03/01/2012","2.6655","2.6760","2.6805","2.6665","","-0.28%"
"02/01/2012","2.6730","2.6880","2.6905","2.6740","","-0.56%"
"01/01/2012","2.6880","2.6950","2.7040","2.6890","","-0.30%"
"12/01/2011","2.6960","2.6990","2.7025","2.6920","","-0.11%"
"11/01/2011","2.6990","2.7085","2.7185","2.6970","","-0.23%"
"10/01/2011","2.7053","2.7730","2.7790","2.7040","","-2.44%"
"09/01/2011","2.7730","2.7250","2.7915","2.7240","","1.54%"
"08/01/2011","2.7310","2.7400","2.7575","2.7255","","-0.21%"
"07/01/2011","2.7367","2.7480","2.7560","2.7339","","-0.45%"
"06/01/2011","2.7490","2.7680","2.7975","2.7469","","-0.61%"
"05/01/2011","2.7660","2.8370","2.8395","2.7460","","-2.12%"
"04/01/2011","2.8260","2.8030","2.8365","2.7960","","0.75%"
"03/01/2011","2.8050","2.7730","2.8165","2.7642","","1.17%"
"02/01/2011","2.7725","2.7689","2.8028","2.7628","","0.13%"
"01/01/2011","2.7690","2.8030","2.8185","2.7675","","-1.28%"
"12/01/2010","2.8050","2.8240","2.8321","2.7895","","-0.88%"
"11/01/2010","2.8300","2.7980","2.8359","2.7880","","1.14%"
"10/01/2010","2.7980","2.7870","2.8015","2.7835","","0.39%"
"09/01/2010","2.7870","2.7970","2.7990","2.7810","","-0.32%"
"08/01/2010","2.7960","2.8190","2.8245","2.7925","","-0.82%"
"07/01/2010","2.8190","2.8360","2.8390","2.8087","","-0.21%"
"06/01/2010","2.8250","2.8360","2.8375","2.8235","","-0.74%"
"05/01/2010","2.8462","2.8378","2.8588","2.8357","","-0.01%"
"04/01/2010","2.8465","2.8415","2.8505","2.8318","","0.21%"
"03/01/2010","2.8405","2.8590","2.8640","2.8215","","-0.26%"
"02/01/2010","2.8480","2.8610","2.8760","2.8410","","-0.44%"
"01/01/2010","2.8605","2.8805","2.8895","2.8405","","-0.99%"
"12/01/2009","2.8890","2.8890","2.8960","2.8605","","0.28%"
"11/01/2009","2.8810","2.9090","2.9160","2.8610","","-0.96%"
"10/01/2009","2.9090","2.8890","2.9130","2.8502","","0.96%"
"09/01/2009","2.8813","2.9537","2.9558","2.8607","","-2.48%"
"08/01/2009","2.9545","2.9865","2.9875","2.9184","","-1.05%"
"07/01/2009","2.9860","3.0100","3.0330","2.9805","","-0.68%"
"06/01/2009","3.0065","3.0075","3.0325","2.9588","","0.75%"
"05/01/2009","2.9840","2.9830","3.0640","2.9500","","0.12%"
"04/01/2009","2.9805","3.1525","3.1695","2.9805","","-5.46%"
"03/01/2009","3.1527","3.2505","3.2605","3.0995","","-3.01%"
"02/01/2009","3.2505","3.1605","3.2555","3.1605","","1.61%"
"01/01/2009","3.1990","3.1540","3.2085","3.1040","","2.06%"
"12/01/2008","3.1345","3.0955","3.1660","3.0645","","1.41%"
"11/01/2008","3.0910","3.0930","3.1465","3.0570","","-0.64%"
"10/01/2008","3.1110","3.0020","3.2550","2.9800","","4.38%"
"09/01/2008","2.9805","2.9335","2.9875","2.9250","","0.98%"
"08/01/2008","2.9515","2.8040","2.9625","2.7630","","5.00%"
"07/01/2008","2.8110","2.9580","2.9680","2.7950","","-5.08%"
"06/01/2008","2.9615","2.8260","2.9845","2.7800","","4.04%"
"05/01/2008","2.8465","2.8141","2.8795","2.7410","","1.10%"
"04/01/2008","2.8155","2.7451","2.8775","2.6800","","2.51%"
"03/01/2008","2.7466","2.8890","2.8904","2.7308","","-4.95%"
"02/01/2008","2.8895","2.9330","2.9345","2.8840","","-1.50%"
"01/01/2008","2.9335","2.9950","2.9985","2.9080","","-2.15%"
"12/01/2007","2.9980","2.9951","3.0060","2.9600","","0.05%"
"11/01/2007","2.9966","2.9991","3.0185","2.9880","","-0.13%"
"10/01/2007","3.0005","3.0840","3.0854","2.9930","","-2.72%"
"09/01/2007","3.0845","3.1590","3.1675","3.0810","","-2.39%"
"08/01/2007","3.1600","3.1600","3.1720","3.1420","","-0.02%"
"07/01/2007","3.1605","3.1650","3.1675","3.1560","","-0.17%"
"06/01/2007","3.1660","3.1740","3.1870","3.1650","","-0.28%"
"05/01/2007","3.1750","3.1715","3.1770","3.1510","","0.06%"
"04/01/2007","3.1730","3.1820","3.1840","3.1680","","-0.30%"
"03/01/2007","3.1825","3.1900","3.1915","3.1800","","-0.27%"
"02/01/2007","3.1910","3.1960","3.1970","3.1840","","-0.20%"
"01/01/2007","3.1975","3.1950","3.2065","3.1850","","0.06%"
"12/01/2006","3.1956","3.2160","3.2235","3.1920","","-0.65%"
"11/01/2006","3.2165","3.2160","3.2325","3.2060","","-0.02%"
"10/01/2006","3.2170","3.2500","3.2510","3.2100","","-1.03%"
"09/01/2006","3.2505","3.2430","3.2585","3.2400","","0.20%"
"08/01/2006","3.2440","3.2400","3.2540","3.2200","","0.11%"
"07/01/2006","3.2405","3.2620","3.2625","3.2340","","-0.67%"
"06/01/2006","3.2625","3.2970","3.2975","3.2410","","-1.09%"
"05/01/2006","3.2985","3.3030","3.3090","3.2510","","-0.20%"
"04/01/2006","3.3050","3.3675","3.3820","3.2980","","-1.89%"
"03/01/2006","3.3688","3.2940","3.3853","3.2580","","2.24%"
"02/01/2006","3.2950","3.3050","3.3160","3.2750","","-0.35%"
"01/01/2006","3.3065","3.4375","3.4560","3.2960","","-3.28%"
"12/01/2005","3.4185","3.4140","3.4485","3.3960","","0.12%"
"11/01/2005","3.4145","3.3735","3.4165","3.3500","","1.17%"
"10/01/2005","3.3750","3.3210","3.4055","3.3210","","0.96%"
"09/01/2005","3.3430","3.2725","3.3545","3.2540","","2.08%"
"08/01/2005","3.2750","3.2530","3.2945","3.2500","","0.74%"
"07/01/2005","3.2510","3.2580","3.2580","3.2470","","-0.08%"
"06/01/2005","3.2535","3.2520","3.2585","3.2500","","-0.03%"
"05/01/2005","3.2545","3.2550","3.2590","3.2500","","-0.03%"
"04/01/2005","3.2555","3.2590","3.2625","3.2200","","-0.12%"
"03/01/2005","3.2595","3.2555","3.2635","3.2540","","0.09%"
"02/01/2005","3.2565","3.2600","3.2785","3.2540","","-0.29%"
"01/01/2005","3.2660","3.2790","3.2930","3.2550","","-0.34%"
"12/01/2004","3.2770","3.3035","3.3270","3.2595","","-0.83%"
"11/01/2004","3.3045","3.3240","3.3250","3.2970","","-0.62%"
"10/01/2004","3.3250","3.3390","3.3480","3.3060","","-0.43%"
"09/01/2004","3.3395","3.3675","3.3915","3.3370","","-0.88%"
"08/01/2004","3.3690","3.4170","3.4275","3.3440","","-1.42%"
"07/01/2004","3.4176","3.4670","3.4701","3.4170","","-1.44%"
"06/01/2004","3.4675","3.4870","3.4895","3.4660","","-0.57%"
"05/01/2004","3.4875","3.4840","3.4960","3.4780","","0.09%"
"04/01/2004","3.4845","3.4590","3.4925","3.4550","","0.72%"
"03/01/2004","3.4595","3.4726","3.4855","3.4550","","-0.38%"
"02/01/2004","3.4728","3.4987","3.5082","3.4670","","-0.76%"
"01/01/2004","3.4993","3.4675","3.5141","3.4480","","1.08%"
"12/01/2003","3.4618","3.4804","3.5103","3.4600","","-0.52%"
"11/01/2003","3.4798","3.4732","3.4829","3.4721","","0.19%"
"10/01/2003","3.4733","3.4828","3.4829","3.4690","","-0.28%"
"09/01/2003","3.4829","3.4802","3.4861","3.4755","","0.08%"
"08/01/2003","3.4802","3.4730","3.4863","3.4715","","0.20%"
"07/01/2003","3.4732","3.4670","3.4802","3.4650","","0.16%"
"06/01/2003","3.4675","3.4945","3.4950","3.4425","","-0.78%"
"05/01/2003","3.4947","3.4622","3.5027","3.4350","","0.94%"
"04/01/2003","3.4623","3.4745","3.4808","3.4560","","-0.37%"
"03/01/2003","3.4752","3.4780","3.4888","3.4710","","-0.09%"
"02/01/2003","3.4783","3.4845","3.4962","3.4765","","-0.20%"
"01/01/2003","3.4852","3.5010","3.5088","3.4800","","-0.49%"
"12/01/2002","3.5025","3.5070","3.5665","3.4835","","-0.16%"
"11/01/2002","3.5080","3.6035","3.6180","3.4970","","-2.66%"
"10/01/2002","3.6040","3.6320","3.6370","3.5790","","-0.80%"
"09/01/2002","3.6330","3.6180","3.6600","3.5550","","-0.25%"
"08/01/2002","3.6420","3.5600","3.6440","3.5230","","1.97%"
"07/01/2002","3.5715","3.5070","3.5715","3.5020","","1.80%"
"06/01/2002","3.5085","3.4610","3.5205","3.4425","","1.35%"
"05/01/2002","3.4618","3.4250","3.4748","3.4250","","0.87%"
"04/01/2002","3.4320","3.4665","3.4685","3.4200","","-0.33%"
"03/01/2002","3.4435","3.4630","3.4795","3.4370","","-0.79%"
"02/01/2002","3.4710","3.4680","3.4910","3.4480","","-0.12%"
"01/01/2002","3.4750","3.4430","3.4945","3.4330","","1.06%"
"12/01/2001","3.4385","3.4335","3.4475","3.4210","","0.17%"
"11/01/2001","3.4325","3.4370","3.4500","3.4000","","-0.20%"
"10/01/2001","3.4395","3.4750","3.4905","3.4300","","-1.18%"
"09/01/2001","3.4805","3.4790","3.5075","3.4700","","0.03%"
"08/01/2001","3.4795","3.4890","3.5305","3.4740","","-0.29%"
"07/01/2001","3.4895","3.5070","3.5230","3.4800","","-0.51%"
"06/01/2001","3.5075","3.6290","3.6355","3.5010","","-3.40%"
"05/01/2001","3.6310","3.5830","3.6310","3.5830","","1.30%"
"04/01/2001","3.5845","3.5220","3.6040","3.5220","","1.75%"
"03/01/2001","3.5230","3.5203","3.5298","3.5120","","0.08%"
"02/01/2001","3.5201","3.5330","3.5341","3.5180","","-0.38%"
"01/01/2001","3.5335","3.5180","3.5395","3.5100","","0.24%"
"12/01/2000","3.5250","3.5280","3.5421","3.4900","","-0.10%"
"11/01/2000","3.5285","3.5080","3.5510","3.4980","","0.58%"
"10/01/2000","3.5080","3.5000","3.5250","3.4810","","0.04%"
"09/01/2000","3.5065","3.4695","3.5275","3.4640","","1.04%"
"08/01/2000","3.4703","3.4700","3.4877","3.4650","","-0.07%"
"07/01/2000","3.4728","3.4850","3.4878","3.4685","","-0.38%"
"06/01/2000","3.4860","3.4980","3.5020","3.4640","","-0.29%"
"05/01/2000","3.4960","3.4730","3.5271","3.4720","","0.58%"
"04/01/2000","3.4760","3.4780","3.5230","3.4500","","-0.11%"
"03/01/2000","3.4800","3.4340","3.5220","3.3780","","1.31%"
"02/01/2000","3.4350","3.4830","3.4920","3.4230","","-1.43%"
"01/01/2000","3.4850","3.5100","3.5300","3.4650","","-0.67%"
"12/01/1999","3.5085","3.4900","3.5135","3.4540","","0.53%"
"11/01/1999","3.4900","3.4841","3.4945","3.4562","","0.23%"
"10/01/1999","3.4820","3.4680","3.5000","3.4200","","0.55%"
"09/01/1999","3.4630","3.3870","3.4730","3.3835","","2.26%"
"08/01/1999","3.3865","3.3330","3.3895","3.3190","","1.48%"
"07/01/1999","3.3370","3.3290","3.3470","3.3080","","0.17%"
"06/01/1999","3.3315","3.3300","3.3525","3.3280","","-0.02%"
"05/01/1999","3.3320","3.3340","3.3580","3.3150","","-0.10%"
"04/01/1999","3.3355","3.3460","3.3885","3.3300","","0.08%"
"03/01/1999","3.3330","3.3800","3.4170","3.3190","","-2.26%"
"02/01/1999","3.4100","3.3700","3.4900","3.3500","","0.89%"
"01/01/1999","3.3800","3.1610","3.3800","3.1450","","7.11%"
"12/01/1998","3.1555","3.1270","3.1580","3.0780","","0.94%"
"11/01/1998","3.1260","3.0680","3.1280","3.0680","","1.82%"
"10/01/1998","3.0700","3.0550","3.0790","3.0270","","0.52%"
"09/01/1998","3.0542","3.0420","3.0762","3.0130","","0.28%"
"08/01/1998","3.0457","2.9320","3.0513","2.9240","","3.98%"
"07/01/1998","2.9290","2.9290","2.9350","2.9000","","-0.07%"
"06/01/1998","2.9310","2.8650","2.9580","2.8450","","2.33%"
"05/01/1998","2.8643","2.8300","2.8682","2.8220","","1.27%"
"04/01/1998","2.8285","2.8000","2.8325","2.7960","","0.96%"
"03/01/1998","2.8015","2.8150","2.8195","2.7850","","-0.25%"
"02/01/1998","2.8085","2.7750","2.8265","2.7720","","1.10%"
"01/01/1998","2.7780","2.7250","2.7800","2.7000","","1.94%"
"12/01/1997","2.7250","2.7180","2.7340","2.7030","","0.13%"
"11/01/1997","2.7215","2.7050","2.7375","2.7000","","0.24%"
"10/01/1997","2.7150","2.6430","2.7350","2.6300","","2.59%"
"09/01/1997","2.6465","2.6560","2.6595","2.6280","","-0.26%"
"08/01/1997","2.6535","2.6500","2.6645","2.6430","","0.04%"
"07/01/1997","2.6525","2.6500","2.6575","2.6440","","-0.09%"
"06/01/1997","2.6550","2.6640","2.6660","2.6410","","-0.43%"
"05/01/1997","2.6665","2.6620","2.6715","2.6550","","0.04%"
"04/01/1997","2.6655","2.6530","2.6715","2.6510","","0.51%"
"03/01/1997","2.6520","2.6440","2.6520","2.6180","","0.25%"
"02/01/1997","2.6455","2.6490","2.6515","2.6230","","0.02%"
"01/01/1997","2.6450","2.6090","2.6460","2.6090","","1.26%"
"12/01/1996","2.6120","2.5800","2.6130","2.5740","","1.10%"
"11/01/1996","2.5835","2.5840","2.6045","2.5630","","0.23%"
"10/01/1996","2.5775","2.5150","2.5835","2.5050","","2.69%"
"09/01/1996","2.5100","2.4700","2.5150","2.4700","","1.62%"
"08/01/1996","2.4700","2.4610","2.4800","2.4550","","0.20%"
"07/01/1996","2.4650","2.4450","2.4680","2.4300","","0.74%"
"06/01/1996","2.4470","2.4150","2.4590","2.4130","","1.30%"
"05/01/1996","2.4155","2.3680","2.4215","2.3650","","1.77%"
"04/01/1996","2.3735","2.3480","2.3785","2.3470","","0.94%"
"03/01/1996","2.3515","2.3560","2.3625","2.3450","","-0.23%"
"02/01/1996","2.3570","2.3540","2.3630","2.3440","","0.00%"
"01/01/1996","2.3570","2.3050","2.3670","2.3000","","1.92%"
"12/01/1995","2.3125","2.3130","2.3535","2.2900","","-0.73%"
"11/01/1995","2.3295","2.2650","2.3425","2.2650","","2.67%"
"10/01/1995","2.2690","2.2370","2.2700","2.2370","","1.29%"
"09/01/1995","2.2400","2.2380","2.2610","2.2300","","-0.47%"
"08/01/1995","2.2505","2.2200","2.2505","2.2200","","1.10%"
"07/01/1995","2.2260","2.2220","2.2410","2.2200","","0.09%"
"06/01/1995","2.2240","2.2390","2.2540","2.2220","","-0.78%"
"05/01/1995","2.2415","2.2420","2.2615","2.2390","","-0.09%"
"04/01/1995","2.2435","2.2540","2.2815","2.2380","","-0.53%"
"03/01/1995","2.2555","2.2360","2.2645","2.2300","","0.78%"
"02/01/1995","2.2380","2.1890","2.2390","2.1800","","2.12%"
"01/01/1995","2.1915","2.1750","2.2215","2.1690","","0.64%"
"12/01/1994","2.1775","2.1630","2.2035","2.0100","","0.55%"
"11/01/1994","2.1655","2.2220","2.2295","2.1620","","-2.65%"
"10/01/1994","2.2245","2.2400","2.2585","2.1900","","-0.74%"
"09/01/1994","2.2410","2.2400","2.2670","2.2370","","-0.27%"
"08/01/1994","2.2470","2.1900","2.2510","2.1900","","2.28%"
"07/01/1994","2.1970","2.1900","2.2020","2.1880","","0.18%"
"06/01/1994","2.1930","2.1800","2.1970","2.1750","","0.32%"
"05/01/1994","2.1860","2.1820","2.1870","2.1770","","0.46%"
"04/01/1994","2.1760","2.1600","2.1870","2.1600","","0.23%"
"03/01/1994","2.1710","2.1600","2.1820","2.1380","","0.18%"
"02/01/1994","2.1670","2.1600","2.1880","2.1500","","0.12%"
"01/01/1994","2.1645","2.1550","2.1895","2.1450","","0.32%"
"12/01/1993","2.1575","2.1650","2.1805","2.1300","","-0.71%"
"11/01/1993","2.1730","2.1400","2.1820","2.1400","","1.14%"
"10/01/1993","2.1485","2.1100","2.1635","2.1100","","0.94%"
"09/01/1993","2.1285","2.0800","2.1355","2.0550","","1.96%"
"08/01/1993","2.0875","2.0300","2.0875","2.0300","","2.13%"
"07/01/1993","2.0440","2.0200","2.0650","2.0200","","0.84%"
"06/01/1993","2.0270","1.9700","2.0310","1.9700","","2.61%"
"05/01/1993","1.9755","1.9400","1.9825","1.9400","","2.23%"
"04/01/1993","1.9325","1.8600","1.9505","1.8400","","3.48%"
"03/01/1993","1.8675","1.7800","1.8675","1.7800","","4.10%"
"02/01/1993","1.7940","1.6900","1.7940","1.6900","","5.65%"
"01/01/1993","1.6980","1.6300","1.7100","1.6300","","4.01%"
"12/01/1992","1.6325","1.6100","1.6745","1.5800","","1.43%"
"11/01/1992","1.6095","1.5800","1.6365","1.5800","","1.58%"
"10/01/1992","1.5845","1.4700","1.6015","1.4700","","7.24%"
"09/01/1992","1.4775","1.2800","1.4845","1.2800","","14.36%"
"08/01/1992","1.2920","1.2400","1.3040","1.2400","","4.49%"
"07/01/1992","1.2365","1.1800","1.2675","1.1800","","4.17%"
"06/01/1992","1.1870","1.1300","1.2080","1.1300","","4.90%"
"05/01/1992","1.1315","1.1400","1.2625","1.0500","","8.02%"
"04/01/1992","1.0475","1.0450","1.0635","0.9400","","10.21%"
"03/01/1992","0.9505","0.9480","0.9695","0.9300","","-0.63%"
"02/01/1992","0.9565","0.9530","1.0035","0.9500","","-2.05%"
"01/01/1992","0.9765","0.9750","1.0265","0.9280","","-0.61%"
"12/01/1991","0.9825","0.9800","1.0355","0.9650","","-4.01%"
"11/01/1991","1.0235","1.0220","1.0955","0.9400","","7.23%"
"10/01/1991","0.9545","0.9520","0.9835","0.8200","","15.56%"
"09/01/1991","0.8260","0.8250","0.8320","0.7700","","4.03%"
"08/01/1991","0.7940","0.7930","0.8340","0.7570","","-0.63%"
"07/01/1991","0.7990","0.7980","0.8180","0.7900","","-5.05%"
"06/01/1991","0.8415","0.8400","0.8415","0.8400","","2.43%"
"05/01/1991","0.8215","0.8200","0.8215","0.8200","","16.86%"
"04/01/1991","0.7030","0.7020","0.7030","0.7020","","26.67%"
"03/01/1991","0.5550","0.5500","0.5550","0.5500","","0.45%"
"02/01/1991","0.5525","0.5500","0.5525","0.5500","","2.31%"